full_name,stars,watchers,forks,stars_delta,watchers_delta,forks_delta,url
anthropics/claude-code,83665,83665,7067,64,64,15,https://github.com/anthropics/claude-code
affaan-m/everything-claude-code,112943,112943,14721,610,610,73,https://github.com/affaan-m/everything-claude-code
shareAI-lab/learn-claude-code,41055,41055,6378,212,212,30,https://github.com/shareAI-lab/learn-claude-code
musistudio/claude-code-router,30572,30572,2368,17,17,0,https://github.com/musistudio/claude-code-router
hesreallyhim/awesome-claude-code,33390,33390,2373,91,91,12,https://github.com/hesreallyhim/awesome-claude-code
davila7/claude-code-templates,23715,23715,2285,16,16,0,https://github.com/davila7/claude-code-templates
shanraisshan/claude-code-best-practice,22735,22735,1959,63,63,1,https://github.com/shanraisshan/claude-code-best-practice
VoltAgent/awesome-claude-code-subagents,15408,15408,1735,12,12,4,https://github.com/VoltAgent/awesome-claude-code-subagents
anthropics/claude-code-action,6671,6671,1602,4,4,-1,https://github.com/anthropics/claude-code-action
diet103/claude-code-infrastructure-showcase,9358,9358,1201,2,2,0,https://github.com/diet103/claude-code-infrastructure-showcase
frankbria/ralph-claude-code,8228,8228,596,1,1,0,https://github.com/frankbria/ralph-claude-code
Piebald-AI/claude-code-system-prompts,6886,6886,936,12,12,2,https://github.com/Piebald-AI/claude-code-system-prompts
Donchitos/Claude-Code-Game-Studios,6859,6859,960,102,102,29,https://github.com/Donchitos/Claude-Code-Game-Studios
ykdojo/claude-code-tips,6854,6854,470,8,8,0,https://github.com/ykdojo/claude-code-tips
ChrisWiles/claude-code-showcase,5596,5596,489,2,2,0,https://github.com/ChrisWiles/claude-code-showcase
OneRedOak/claude-code-workflows,3750,3750,553,2,2,1,https://github.com/OneRedOak/claude-code-workflows
pedrohcgs/claude-code-my-workflow,780,780,1472,0,0,1,https://github.com/pedrohcgs/claude-code-my-workflow
1rgs/claude-code-proxy,3319,3319,439,0,0,0,https://github.com/1rgs/claude-code-proxy
disler/claude-code-hooks-mastery,3424,3424,587,1,1,-1,https://github.com/disler/claude-code-hooks-mastery
zebbern/claude-code-guide,3740,3740,346,3,3,0,https://github.com/zebbern/claude-code-guide
kodu-ai/claude-coder,5287,5287,197,0,0,0,https://github.com/kodu-ai/claude-coder
qwibitai/nanoclaw,25749,25749,9248,17,17,41,https://github.com/qwibitai/nanoclaw
anthropics/skills,104701,104701,11538,128,128,13,https://github.com/anthropics/skills
Yuyz0112/claude-code-reverse,2281,2281,377,0,0,0,https://github.com/Yuyz0112/claude-code-reverse
Maciek-roboblog/Claude-Code-Usage-Monitor,7172,7172,349,5,5,0,https://github.com/Maciek-roboblog/Claude-Code-Usage-Monitor
fuergaosi233/claude-code-proxy,2265,2265,317,0,0,0,https://github.com/fuergaosi233/claude-code-proxy
anthropics/claude-code-security-review,4032,4032,338,3,3,-1,https://github.com/anthropics/claude-code-security-review
RichardAtCT/claude-code-telegram,2265,2265,293,0,0,0,https://github.com/RichardAtCT/claude-code-telegram
sickn33/antigravity-awesome-skills,27950,27950,4687,61,61,10,https://github.com/sickn33/antigravity-awesome-skills
Cranot/claude-code-guide,2533,2533,265,1,1,0,https://github.com/Cranot/claude-code-guide
FlorianBruniaux/claude-code-ultimate-guide,2346,2346,341,10,10,1,https://github.com/FlorianBruniaux/claude-code-ultimate-guide
anthropics/claude-code-base-action,714,714,588,0,0,0,https://github.com/anthropics/claude-code-base-action
ding113/claude-code-hub,2160,2160,246,5,5,0,https://github.com/ding113/claude-code-hub
router-for-me/CLIProxyAPI,20736,20736,3380,48,48,12,https://github.com/router-for-me/CLIProxyAPI
edmund-io/edmunds-claude-code,1360,1360,279,0,0,0,https://github.com/edmund-io/edmunds-claude-code
https-deeplearning-ai/sc-claude-code-files,464,464,631,0,0,1,https://github.com/https-deeplearning-ai/sc-claude-code-files
Pimzino/claude-code-spec-workflow,3588,3588,251,3,3,0,https://github.com/Pimzino/claude-code-spec-workflow
wshobson/agents,32420,32420,3531,20,20,1,https://github.com/wshobson/agents
zhukunpenglinyutong/idea-claude-code-gui,2206,2206,252,1,1,1,https://github.com/zhukunpenglinyutong/idea-claude-code-gui
obra/superpowers,119052,119052,9618,553,553,57,https://github.com/obra/superpowers
snarktank/ralph,13903,13903,1419,14,14,-1,https://github.com/snarktank/ralph
wanshuiyin/Auto-claude-code-research-in-sleep,4429,4429,355,31,31,2,https://github.com/wanshuiyin/Auto-claude-code-research-in-sleep
anthropics/claude-plugins-official,15061,15061,1612,19,19,5,https://github.com/anthropics/claude-plugins-official
feiskyer/claude-code-settings,1375,1375,203,0,0,0,https://github.com/feiskyer/claude-code-settings
eyaltoledano/claude-task-master,26241,26241,2463,4,4,1,https://github.com/eyaltoledano/claude-task-master
carlvellotti/claude-code-pm-course,1686,1686,254,1,1,0,https://github.com/carlvellotti/claude-code-pm-course
sugyan/claude-code-webui,984,984,227,0,0,0,https://github.com/sugyan/claude-code-webui
bfly123/claude_code_bridge,1917,1917,174,12,12,0,https://github.com/bfly123/claude_code_bridge
siteboon/claudecodeui,9040,9040,1156,11,11,1,https://github.com/siteboon/claudecodeui
centminmod/my-claude-code-setup,2120,2120,212,3,3,0,https://github.com/centminmod/my-claude-code-setup
lst97/claude-code-sub-agents,1492,1492,236,0,0,0,https://github.com/lst97/claude-code-sub-agents
ghuntley/claude-code-source-code-deobfuscation,873,873,424,0,0,0,https://github.com/ghuntley/claude-code-source-code-deobfuscation
darcyegb/ClaudeCodeAgents,629,629,56,1,1,1,https://github.com/darcyegb/ClaudeCodeAgents
nishimoto265/Claude-Code-Communication,495,495,237,0,0,0,https://github.com/nishimoto265/Claude-Code-Communication
catlog22/Claude-Code-Workflow,1605,1605,136,0,0,1,https://github.com/catlog22/Claude-Code-Workflow
slopus/happy,16456,16456,1311,27,27,1,https://github.com/slopus/happy
alirezarezvani/claude-skills,7492,7492,903,51,51,2,https://github.com/alirezarezvani/claude-skills
Alishahryar1/free-claude-code,1181,1181,147,4,4,-1,https://github.com/Alishahryar1/free-claude-code
trailofbits/claude-code-config,1685,1685,130,1,1,0,https://github.com/trailofbits/claude-code-config
rohitg00/awesome-claude-code-toolkit,929,929,229,3,3,2,https://github.com/rohitg00/awesome-claude-code-toolkit
rizethereum/claude-code-requirements-builder,1760,1760,173,0,0,0,https://github.com/rizethereum/claude-code-requirements-builder
Njengah/claude-code-cheat-sheet,1496,1496,189,0,0,0,https://github.com/Njengah/claude-code-cheat-sheet
KimYx0207/Claude-Code-x-OpenClaw-Guide-Zh,2457,2457,409,10,10,2,https://github.com/KimYx0207/Claude-Code-x-OpenClaw-Guide-Zh
andrepimenta/claude-code-chat,1011,1011,156,0,0,0,https://github.com/andrepimenta/claude-code-chat
simonw/claude-code-transcripts,1327,1327,142,9,9,0,https://github.com/simonw/claude-code-transcripts
jeremylongshore/claude-code-plugins-plus-skills,1733,1733,229,3,3,0,https://github.com/jeremylongshore/claude-code-plugins-plus-skills
farion1231/cc-switch,34576,34576,2074,109,109,10,https://github.com/farion1231/cc-switch
steipete/claude-code-mcp,1203,1203,148,0,0,0,https://github.com/steipete/claude-code-mcp
disler/claude-code-hooks-multi-agent-observability,1306,1306,361,0,0,1,https://github.com/disler/claude-code-hooks-multi-agent-observability
JessyTsui/Claude-Code-Remote,1189,1189,129,0,0,0,https://github.com/JessyTsui/Claude-Code-Remote
0xfurai/claude-code-subagents,799,799,143,0,0,0,https://github.com/0xfurai/claude-code-subagents
jarrodwatts/claude-code-config,1000,1000,125,0,0,0,https://github.com/jarrodwatts/claude-code-config
pchalasani/claude-code-tools,1624,1624,103,2,2,0,https://github.com/pchalasani/claude-code-tools
peterkrueck/Claude-Code-Development-Kit,1331,1331,151,0,0,0,https://github.com/peterkrueck/Claude-Code-Development-Kit
d-kimuson/claude-code-viewer,1010,1010,117,1,1,0,https://github.com/d-kimuson/claude-code-viewer
Yeachan-Heo/oh-my-claudecode,14170,14170,914,230,230,11,https://github.com/Yeachan-Heo/oh-my-claudecode
alirezarezvani/claude-code-tresor,650,650,144,0,0,0,https://github.com/alirezarezvani/claude-code-tresor
ComposioHQ/awesome-claude-skills,48595,48595,5011,60,60,5,https://github.com/ComposioHQ/awesome-claude-skills
winfunc/opcode,21152,21152,1625,4,4,1,https://github.com/winfunc/opcode
anthropics/claude-agent-sdk-demos,1957,1957,282,2,2,-1,https://github.com/anthropics/claude-agent-sdk-demos
revfactory/claude-code-mastering,766,766,124,0,0,0,https://github.com/revfactory/claude-code-mastering
wasabeef/claude-code-cookbook,1048,1048,111,0,0,0,https://github.com/wasabeef/claude-code-cookbook
jarrodwatts/claude-hud,14391,14391,587,112,112,6,https://github.com/jarrodwatts/claude-hud
cixingguangming55555/wechat-bot,2532,2532,662,0,0,0,https://github.com/cixingguangming55555/wechat-bot
timothywarner-org/claude-code,204,204,31,0,0,0,https://github.com/timothywarner-org/claude-code
daymade/claude-code-skills,733,733,111,0,0,1,https://github.com/daymade/claude-code-skills
ccplugins/awesome-claude-code-plugins,649,649,162,0,0,1,https://github.com/ccplugins/awesome-claude-code-plugins
severity1/claude-code-prompt-improver,1316,1316,112,1,1,0,https://github.com/severity1/claude-code-prompt-improver
ericbuess/claude-code-docs,757,757,104,0,0,0,https://github.com/ericbuess/claude-code-docs
PleasePrompto/notebooklm-skill,5193,5193,535,9,9,-2,https://github.com/PleasePrompto/notebooklm-skill
disler/pi-vs-claude-code,559,559,164,1,1,0,https://github.com/disler/pi-vs-claude-code
MadAppGang/claude-code,248,248,26,0,0,0,https://github.com/MadAppGang/claude-code
anthropics/claude-agent-sdk-python,5903,5903,797,4,4,0,https://github.com/anthropics/claude-agent-sdk-python
bytedance/deer-flow,50436,50436,6023,308,308,42,https://github.com/bytedance/deer-flow
anomalyco/opencode,131627,131627,14042,106,106,23,https://github.com/anomalyco/opencode
greggh/claude-code.nvim,1962,1962,63,1,1,0,https://github.com/greggh/claude-code.nvim
lyconear/Claude-Code,4,4,149,0,0,0,https://github.com/lyconear/Claude-Code
opactorai/Claudable,3838,3838,575,1,1,0,https://github.com/opactorai/Claudable
numman-ali/openskills,9276,9276,588,1,1,0,https://github.com/numman-ali/openskills
kepano/obsidian-skills,17649,17649,1024,17649,17649,1024,https://github.com/kepano/obsidian-skills
